sbu,account,location,status,count
SV01-Jagan,"Agero, Inc", Offshore,Nominated,0
SV01-Jagan,"Agero, Inc", Offshore,PreAssessment (KBA) Pending,0
SV01-Jagan,"Agero, Inc", Offshore,Learning-BatchNtStarted,0
SV01-Jagan,"Agero, Inc", Offshore,Learning,1
SV01-Jagan,"Agero, Inc", Offshore,Capsule+SBA,0
SV01-Jagan,"Agero, Inc", Offshore,Capsule-FinalSBA,0
SV01-Jagan,"Agero, Inc", Offshore,Final SBA,0
SV01-Jagan,"Agero, Inc", Offshore,Certified,0
SV01-Jagan,AIG, Offshore,Nominated,0
SV01-Jagan,AIG, Offshore,PreAssessment (KBA) Pending,0
SV01-Jagan,AIG, Offshore,Learning-BatchNtStarted,1
SV01-Jagan,AIG, Offshore,Learning,1
SV01-Jagan,AIG, Offshore,Capsule+SBA,1
SV01-Jagan,AIG, Offshore,Capsule-FinalSBA,1
SV01-Jagan,AIG, Offshore,Final SBA,0
SV01-Jagan,AIG, Offshore,Certified,0
SV01-Jagan,Prudential Insurance, Offshore,Nominated,0
SV01-Jagan,Prudential Insurance, Offshore,PreAssessment (KBA) Pending,0
SV01-Jagan,Prudential Insurance, Offshore,Learning-BatchNtStarted,0
SV01-Jagan,Prudential Insurance, Offshore,Learning,1
SV01-Jagan,Prudential Insurance, Offshore,Capsule+SBA,13
SV01-Jagan,Prudential Insurance, Offshore,Capsule-FinalSBA,3
SV01-Jagan,Prudential Insurance, Offshore,Final SBA,0
SV01-Jagan,Prudential Insurance, Offshore,Certified,0
SV01-Jagan,"Agero, Inc", Onsite,Nominated,0
SV01-Jagan,"Agero, Inc", Onsite,PreAssessment (KBA) Pending,0
SV01-Jagan,"Agero, Inc", Onsite,Learning-BatchNtStarted,0
SV01-Jagan,"Agero, Inc", Onsite,Learning,1
SV01-Jagan,"Agero, Inc", Onsite,Capsule+SBA,10
SV01-Jagan,"Agero, Inc", Onsite,Capsule-FinalSBA,0
SV01-Jagan,"Agero, Inc", Onsite,Final SBA,0
SV01-Jagan,"Agero, Inc", Onsite,Certified,0
SV01-Jagan,AIG, Onsite,Nominated,0
SV01-Jagan,AIG, Onsite,PreAssessment (KBA) Pending,0
SV01-Jagan,AIG, Onsite,Learning-BatchNtStarted,1
SV01-Jagan,AIG, Onsite,Learning,1
SV01-Jagan,AIG, Onsite,Capsule+SBA,1
SV01-Jagan,AIG, Onsite,Capsule-FinalSBA,0
SV01-Jagan,AIG, Onsite,Final SBA,0
SV01-Jagan,AIG, Onsite,Certified,0
SV01-Jagan,Prudential Insurance, Onsite,Nominated,0
SV01-Jagan,Prudential Insurance, Onsite,PreAssessment (KBA) Pending,10
SV01-Jagan,Prudential Insurance, Onsite,Learning-BatchNtStarted,0
SV01-Jagan,Prudential Insurance, Onsite,Learning,1
SV01-Jagan,Prudential Insurance, Onsite,Capsule+SBA,6
SV01-Jagan,Prudential Insurance, Onsite,Capsule-FinalSBA,0
SV01-Jagan,Prudential Insurance, Onsite,Final SBA,0
SV01-Jagan,Prudential Insurance, Onsite,Certified,0
SV03-Kiran,Farmers Insurance, Offshore,Nominated,0
SV03-Kiran,Farmers Insurance, Offshore,PreAssessment (KBA) Pending,0
SV03-Kiran,Farmers Insurance, Offshore,Learning-BatchNtStarted,0
SV03-Kiran,Farmers Insurance, Offshore,Learning,1
SV03-Kiran,Farmers Insurance, Offshore,Capsule+SBA,0
SV03-Kiran,Farmers Insurance, Offshore,Capsule-FinalSBA,0
SV03-Kiran,Farmers Insurance, Offshore,Final SBA,0
SV03-Kiran,Farmers Insurance, Offshore,Certified,0
SV03-Kiran,AAA, Offshore,Nominated,0
SV03-Kiran,AAA, Offshore,PreAssessment (KBA) Pending,0
SV03-Kiran,AAA, Offshore,Learning-BatchNtStarted,0
SV03-Kiran,AAA, Offshore,Learning,0
SV03-Kiran,AAA, Offshore,Capsule+SBA,0
SV03-Kiran,AAA, Offshore,Capsule-FinalSBA,1
SV03-Kiran,AAA, Offshore,Final SBA,0
SV03-Kiran,AAA, Offshore,Certified,1
